模型,RMSE,R²
XGBRegressor_20250718,12.338333708737878,0.9767010030891661
RandomForestRegressor_20250718,13.068425751094699,0.9738620965829079
LGBMRegressor_20250718,20.068333418853285,0.9383622445966682
